<!--
  MIT License

  Copyright (c) 2008-2020 Kohsuke Kawaguchi, Sun Microsystems, Inc., CloudBees,
  Inc., Oleg Nenashev and other contributors

  Permission is hereby granted, free of charge, to any person obtaining a copy
  of this software and associated documentation files (the "Software"), to deal
  in the Software without restriction, including without limitation the rights
  to use, copy, modify, merge, publish, distribute, sublicense, and/or sell
  copies of the Software, and to permit persons to whom the Software is
  furnished to do so, subject to the following conditions:

  The above copyright notice and this permission notice shall be included in all
  copies or substantial portions of the Software.

  THE SOFTWARE IS PROVIDED "AS IS", WITHOUT WARRANTY OF ANY KIND, EXPRESS OR
  IMPLIED, INCLUDING BUT NOT LIMITED TO THE WARRANTIES OF MERCHANTABILITY,
  FITNESS FOR A PARTICULAR PURPOSE AND NONINFRINGEMENT. IN NO EVENT SHALL THE
  AUTHORS OR COPYRIGHT HOLDERS BE LIABLE FOR ANY CLAIM, DAMAGES OR OTHER
  LIABILITY, WHETHER IN AN ACTION OF CONTRACT, TORT OR OTHERWISE, ARISING FROM,
  OUT OF OR IN CONNECTION WITH THE SOFTWARE OR THE USE OR OTHER DEALINGS IN THE
  SOFTWARE.
-->

<!--
 This is an example of a minimal Windows Service Wrapper configuration, which includes only mandatory options.
 
 This configuration file should be placed near the WinSW executable, the name should be the same.
 E.g. for myapp.exe the configuration file name should be myapp.xml
 
 You can find more information about the configuration options here: https://github.com/kohsuke/winsw/blob/master/doc/xmlConfigFile.md
 Full example: https://github.com/kohsuke/winsw/blob/master/examples/sample-allOptions.xml
-->
<service>
  
  <!-- ID of the service. It should be unique across the Windows system-->
  <id>CyberSecurityAwarenessBackend</id>
  <!-- Display name of the service -->
  <name>CyberSecurityAwarenessBackend</name>
  <!-- Service description -->
  <description>This service is a service created from a minimal configuration</description>
  
  <executable>java</executable>
  <arguments> -jar CyberSecurityAwareness-0.0.1-SNAPSHOT.jar</arguments>

</service>
